"Ralphs_13321 Jamboree Rd, Tustin, CA",Suave Essentials Ocean Breeze Refreshing Body Wash,15 fl oz,1.99,https://www.kroger.com/product/images/medium/front/0007940083500,Body wash
"Ralphs_13321 Jamboree Rd, Tustin, CA",Suave Men Refresh Hydrating Body Wash,15 fl oz,1.99,https://www.kroger.com/product/images/medium/front/0007940087240,Body wash
"Ralphs_13321 Jamboree Rd, Tustin, CA",Dial Spring Water Hydrating Body Wash,16 fl oz,3.5,https://www.kroger.com/product/images/medium/front/0001700001874,Body wash
"Ralphs_13321 Jamboree Rd, Tustin, CA",Suave Essentials Sweet Pea &amp; Violet Body Wash,15 fl oz,1.99,https://www.kroger.com/product/images/medium/front/0007940084860,Body wash
"Ralphs_13321 Jamboree Rd, Tustin, CA",Suave Milk &amp; Honey Splash Creamy Body Wash,15 fl oz,1.99,https://www.kroger.com/product/images/medium/front/0007940011886,Body wash
"Ralphs_13321 Jamboree Rd, Tustin, CA",Suave Essentials Cocoa Butter &amp; Shea Creamy Body Wash,15 fl oz,1.99,https://www.kroger.com/product/images/medium/front/0007940060286,Body wash
"Ralphs_13321 Jamboree Rd, Tustin, CA",Dial For Men Ultimate Clean Complete Freshness Hair &amp; Body Wash,16 fl oz,3.5,https://www.kroger.com/product/images/medium/front/0001700004620,Body wash
"Ralphs_13321 Jamboree Rd, Tustin, CA",Suave Men 2-in-1 Hair &amp; Body Wash,12 fl oz,1.99,https://www.kroger.com/product/images/medium/front/0007940037021,Body wash
"Ralphs_13321 Jamboree Rd, Tustin, CA",Dove Deep Moisture Nourishing Body Wash,22 fl oz,5.99,https://www.kroger.com/product/images/medium/front/0001111112425,Body wash
"Ralphs_13321 Jamboree Rd, Tustin, CA",Dove Sensitive Skin Hypoallergenic Nourishing Body Wash,22 fl oz,5.99,https://www.kroger.com/product/images/medium/front/0001111112224,Body wash
"Ralphs_13321 Jamboree Rd, Tustin, CA",Olay Ultra Moisture Shea Butter Body Wash,30 fl oz,11.99,https://www.kroger.com/product/images/medium/front/0003700097494,Body wash
"Ralphs_13321 Jamboree Rd, Tustin, CA",Suave Men 3-in-1 Citrus Rush Shampoo + Conditioner + Body Wash,28 fl oz,5.49,https://www.kroger.com/product/images/medium/front/0007940006296,Body wash
"Ralphs_13321 Jamboree Rd, Tustin, CA",Dove Refreshing Cucumber &amp; Green Tea Nourishing Body Wash,22 fl oz,5.99,https://www.kroger.com/product/images/medium/front/0001111112331,Body wash
"Ralphs_13321 Jamboree Rd, Tustin, CA",Dove Men+Care Extra Fresh Micro Moisture Body Wash,13.5 fl oz,4.99,https://www.kroger.com/product/images/medium/front/0001111101413,Body wash
"Ralphs_13321 Jamboree Rd, Tustin, CA",Olay Age Defying Vitamin E B3 Complex Body Wash,22 fl oz,7.99,https://www.kroger.com/product/images/medium/front/0003700097473,Body wash
"Ralphs_13321 Jamboree Rd, Tustin, CA",Dove Gentle Exfoliating Nourishing Body Wash,22 fl oz,5.99,https://www.kroger.com/product/images/medium/front/0001111112518,Body wash
"Ralphs_13321 Jamboree Rd, Tustin, CA",Dove Men+Care Clean Comfort Micro Moisture Body Wash,13.5 fl oz,4.99,https://www.kroger.com/product/images/medium/front/0001111101412,Body wash
"Ralphs_13321 Jamboree Rd, Tustin, CA",(LMTD QTY) Suave Essentials Aloe &amp; Rose Water Moisturizing Body Wash,15 fl oz,1.99,https://www.kroger.com/product/images/medium/front/0007940046687,Body wash
"Ralphs_13321 Jamboree Rd, Tustin, CA",Dial Spring Water Body Wash,32 fl oz,7.99,https://www.kroger.com/product/images/medium/front/0001700011856,Body wash
"Ralphs_13321 Jamboree Rd, Tustin, CA",Irish Spring Original 24-Hour Fresh Body Wash,18 fl oz,3.99,https://www.kroger.com/product/images/medium/front/0003500026918,Body wash
"Ralphs_13321 Jamboree Rd, Tustin, CA",Caress White Peach &amp; Orange Blossom Daily Silk Body Wash,18 fl oz,3.99,https://www.kroger.com/product/images/medium/front/0001111177418,Body wash
"Ralphs_13321 Jamboree Rd, Tustin, CA",Dove Go Fresh Pomegranate and Lemon Verbena Scent Body Wash,22 fl oz,5.99,https://www.kroger.com/product/images/medium/front/0001111107470,Body wash
"Ralphs_13321 Jamboree Rd, Tustin, CA",Olay Fresh Outlast Purifying Birch Water &amp; Lavender Body Wash,22 fl oz,7.99,https://www.kroger.com/product/images/medium/front/0003700097491,Body wash
"Ralphs_13321 Jamboree Rd, Tustin, CA",Dove Purely Pampering Shea Butter with Warm Vanilla Body Wash,22 fl oz,5.99,https://www.kroger.com/product/images/medium/front/0001111111522,Body wash
"Ralphs_13321 Jamboree Rd, Tustin, CA",Suave Essentials Ocean Breeze Body Wash,28 fl oz,3.69,https://www.kroger.com/product/images/medium/front/0007940034737,Body wash
"Ralphs_13321 Jamboree Rd, Tustin, CA",Dove Go Fresh Blue Fig &amp; Orange Blossom Scent Body Wash,24 fl oz,5.99,https://www.kroger.com/product/images/medium/front/0001111126270,Body wash
"Ralphs_13321 Jamboree Rd, Tustin, CA",Kroger® Shea Butter Body Wash,24 fl oz,5.99,https://www.kroger.com/product/images/medium/front/0004126034157,Body wash
"Ralphs_13321 Jamboree Rd, Tustin, CA",Dial Lavender &amp; Twilight Jasmine Hydrating Body Wash,16 fl oz,3.5,https://www.kroger.com/product/images/medium/front/0001700007191,Body wash
"Ralphs_13321 Jamboree Rd, Tustin, CA",Softsoap Juicy Pomegranate &amp; Mango Moisturizing Body Wash,20 fl oz,3.99,https://www.kroger.com/product/images/medium/front/0007418247351,Body wash
"Ralphs_13321 Jamboree Rd, Tustin, CA",Dial Silk &amp; Magnolia Moisturizing Body Wash,16 fl oz,3.5,https://www.kroger.com/product/images/medium/front/0001700014289,Body wash
"Ralphs_13321 Jamboree Rd, Tustin, CA",Kroger® Ultra Moisturizing Body Wash,24 fl oz,5.99,https://www.kroger.com/product/images/medium/front/0001111037066,Body wash
"Ralphs_13321 Jamboree Rd, Tustin, CA",Dial Spring Water Body Wash,32 fl oz,7.99,https://www.kroger.com/product/images/medium/front/0001700011856,Body wash
"Ralphs_13321 Jamboree Rd, Tustin, CA",Caress Sheer Twilight Black Orchid &amp; Patchouli Oil Body Wash,18 fl oz,3.99,https://www.kroger.com/product/images/medium/front/0001111111093,Body wash
"Ralphs_13321 Jamboree Rd, Tustin, CA",Dove Mango + Almond Butter Body Wash,22 fl oz,6.69,https://www.kroger.com/product/images/medium/front/0001111101640,Body wash
"Ralphs_13321 Jamboree Rd, Tustin, CA",Dove Men+Care Deep Clean Body Wash,13.5 fl oz,4.99,https://www.kroger.com/product/images/medium/front/0001111101414,Body wash
"Ralphs_13321 Jamboree Rd, Tustin, CA",Olay Ultra Moisture Shea Butter B3 Complex Body Wash,22 fl oz,7.99,https://www.kroger.com/product/images/medium/front/0003700097464,Body wash
"Ralphs_13321 Jamboree Rd, Tustin, CA",Ivory Original Scent Body Wash,30 fl oz,4.49,https://www.kroger.com/product/images/medium/front/0003700073753,Body wash
"Ralphs_13321 Jamboree Rd, Tustin, CA",Dove Deep Moisture Nourishing Body Wash,34 fl oz,9.99,https://www.kroger.com/product/images/medium/front/0001111139648,Body wash
"Ralphs_13321 Jamboree Rd, Tustin, CA",(LMTD QTY) Ivory Aloe Scent Body Wash,30 fl oz,4.49,https://www.kroger.com/product/images/medium/front/0003700073765,Body wash
"Ralphs_13321 Jamboree Rd, Tustin, CA",Old Spice Red Zone Collection Swagger Body Wash,30 fl oz,8.99,https://www.kroger.com/product/images/medium/front/0003700073357,Body wash
"Ralphs_13321 Jamboree Rd, Tustin, CA",Nivea Men Cool 3-in-1 Body Wash,16.9 fl oz,5.99,https://www.kroger.com/product/images/medium/front/0007214081063,Body wash
"Ralphs_13321 Jamboree Rd, Tustin, CA",Old Spice Hydro-Wash Smoother Swagger Body Wash,1 ct,6.99,https://www.kroger.com/product/images/medium/front/0003700074455,Body wash
"Ralphs_13321 Jamboree Rd, Tustin, CA",Dove Sensitive Skin Instant Foaming Body Wash Pump,13.5 fl oz,6.99,https://www.kroger.com/product/images/medium/front/0001111169864,Body wash
"Ralphs_13321 Jamboree Rd, Tustin, CA",Dial For Men Ultimate Clean Complete Freshness Hair &amp; Body Wash,16 fl oz,3.5,https://www.kroger.com/product/images/medium/front/0001700004620,Body wash
"Ralphs_13321 Jamboree Rd, Tustin, CA",Kroger® Sensitive Skin Body Wash,24 fl oz,5.99,https://www.kroger.com/product/images/medium/front/0004126034156,Body wash
"Ralphs_13321 Jamboree Rd, Tustin, CA",Dial Himalayan Salt Body Wash,16 fl oz,3.5,https://www.kroger.com/product/images/medium/front/0001700009273,Body wash
"Ralphs_13321 Jamboree Rd, Tustin, CA",Old Spice Hydro Wash Pure Sport Plus Hydrating Body Wash,16 fl oz,6.99,https://www.kroger.com/product/images/medium/front/0003700097188,Body wash
"Ralphs_13321 Jamboree Rd, Tustin, CA",Old Spice Moisturize with Shea Butter Body Wash,16 fl oz,5.99,https://www.kroger.com/product/images/medium/front/0003700079342,Body wash
"Ralphs_13321 Jamboree Rd, Tustin, CA",Dove Relaxing Lavender Body Wash,22 fl oz,5.99,https://www.kroger.com/product/images/medium/front/0001111101040,Body wash
"Ralphs_13321 Jamboree Rd, Tustin, CA",Suave Men Sport Energizing Body Wash,28 fl oz,3.69,https://www.kroger.com/product/images/medium/front/0007940032249,Body wash
"Ralphs_13321 Jamboree Rd, Tustin, CA",Kroger® Pomegranate &amp; Lemon Verbena Body Wash,24 fl oz,5.99,https://www.kroger.com/product/images/medium/front/0004126036985,Body wash
"Ralphs_13321 Jamboree Rd, Tustin, CA",Olay Ultra Moisture Shea Butter Body Wash,30 fl oz,11.99,https://www.kroger.com/product/images/medium/front/0003700097494,Body wash
"Ralphs_13321 Jamboree Rd, Tustin, CA",Dial Lavender &amp; Twilight Jasmine Hydrating Body Wash,16 fl oz,3.5,https://www.kroger.com/product/images/medium/front/0001700007191,Body wash
"Ralphs_13321 Jamboree Rd, Tustin, CA",Irish Spring 5 in One Body Wash &amp; Shampoo,18 fl oz,3.99,https://www.kroger.com/product/images/medium/front/0003500046680,Body wash
"Ralphs_13321 Jamboree Rd, Tustin, CA",Axe Phoenix Crushed Mint &amp; Rosemary Scent Clean + Cool Body Wash,16 fl oz,4.99,https://www.kroger.com/product/images/medium/front/0001111124093,Body wash
"Ralphs_13321 Jamboree Rd, Tustin, CA",Kroger® Sensitive Skin Body Wash,24 fl oz,5.99,https://www.kroger.com/product/images/medium/front/0004126034156,Body wash
"Ralphs_13321 Jamboree Rd, Tustin, CA",Old Spice Fiji Body Wash,16 fl oz,5.99,https://www.kroger.com/product/images/medium/front/0003700026790,Body wash
"Ralphs_13321 Jamboree Rd, Tustin, CA",Dial Himalayan Salt Body Wash,16 fl oz,3.5,https://www.kroger.com/product/images/medium/front/0001700009273,Body wash
"Ralphs_13321 Jamboree Rd, Tustin, CA",Tone Island Vibes Pineapple &amp; Plumeria Body Wash,18 fl oz,6.99,https://www.kroger.com/product/images/medium/front/0001700017073,Body wash
"Ralphs_13321 Jamboree Rd, Tustin, CA",Suave Kids Watermelon Wonder 3in1 Shampoo + Conditioner + Body Wash,18 fl oz,3.49,https://www.kroger.com/product/images/medium/front/0007940045948,Body wash
"Ralphs_13321 Jamboree Rd, Tustin, CA",Olay Ultra Moisture Shea Butter Body Wash,30 fl oz,11.99,https://www.kroger.com/product/images/medium/front/0003700097494,Body wash
"Ralphs_13321 Jamboree Rd, Tustin, CA",Nivea Men Maximum Hydration 3-In-1 Body Wash,16.9 fl oz,5.99,https://www.kroger.com/product/images/medium/front/0007214001533,Body wash
"Ralphs_13321 Jamboree Rd, Tustin, CA",Suave Kids Silly Apple 3-in-1 Shampoo + Conditioner + Body Wash,18 fl oz,3.49,https://www.kroger.com/product/images/medium/front/0007940045953,Body wash
"Ralphs_13321 Jamboree Rd, Tustin, CA",Suave Kids Star Wars Galactic Fresh 3-in-1 Shampoo Conditioner and Body Wash,28 fl oz,5.29,https://www.kroger.com/product/images/medium/front/0007940064678,Body wash
"Ralphs_13321 Jamboree Rd, Tustin, CA",Dial For Men Ultimate Clean Complete Freshness Hair &amp; Body Wash,16 fl oz,3.5,https://www.kroger.com/product/images/medium/front/0001700004620,Body wash
"Ralphs_13321 Jamboree Rd, Tustin, CA",Axe Dark Temptation Dark Chocolate &amp; Coriander Scent Body Wash,16 fl oz,4.99,https://www.kroger.com/product/images/medium/front/0001111124092,Body wash
"Ralphs_13321 Jamboree Rd, Tustin, CA",Dove Men+Care Extra Fresh Foaming Body Wash,13.5 fl oz,5.99,https://www.kroger.com/product/images/medium/front/0001111100347,Body wash
"Ralphs_13321 Jamboree Rd, Tustin, CA",Old Spice Swagger Body Wash,21 fl oz,7.99,https://www.kroger.com/product/images/medium/front/0003700090560,Body wash
"Ralphs_13321 Jamboree Rd, Tustin, CA",Dial For Men Recharge 3-in-1 Revitalizing Body Wash,16 fl oz,3.5,https://www.kroger.com/product/images/medium/front/0001700015513,Body wash
"Ralphs_13321 Jamboree Rd, Tustin, CA",Axe Phoenix Crushed Mint &amp; Rosemary Scent Clean + Cool Body Wash,32 fl oz,6.99,https://www.kroger.com/product/images/medium/front/0001111100885,Body wash
"Ralphs_13321 Jamboree Rd, Tustin, CA",Old Spice Exfoliate with Charcoal Body Wash,16 fl oz,5.99,https://www.kroger.com/product/images/medium/front/0003700079340,Body wash
"Ralphs_13321 Jamboree Rd, Tustin, CA",Herbal Essences Hello Hydration Hair &amp; Body Wash,11.7 fl oz,3.49,https://www.kroger.com/product/images/medium/front/0019067900475,Body wash
"Ralphs_13321 Jamboree Rd, Tustin, CA",Olay Age Defying Vitamin E B3 Complex Body Wash,22 fl oz,7.99,https://www.kroger.com/product/images/medium/front/0003700097473,Body wash
"Ralphs_13321 Jamboree Rd, Tustin, CA",(LMTD QTY) Simple Truth Organic™ Lavender Eucalyptus Body Wash,16 fl oz,6.99,https://www.kroger.com/product/images/medium/front/0004126037624,Body wash
"Ralphs_13321 Jamboree Rd, Tustin, CA",Tone Mango &amp; Cocoa Butter Moisturizing Body Wash,18 fl oz,6.99,https://www.kroger.com/product/images/medium/front/0001700002741,Body wash
"Ralphs_13321 Jamboree Rd, Tustin, CA",Axe Excite Crisp Coconut &amp; Black Pepper Scent Clean + Energized Body Wash,16 fl oz,4.99,https://www.kroger.com/product/images/medium/front/0001111124091,Body wash
"Ralphs_13321 Jamboree Rd, Tustin, CA",Dial Spring Water Body Wash,32 fl oz,7.99,https://www.kroger.com/product/images/medium/front/0001700011856,Body wash
"Ralphs_13321 Jamboree Rd, Tustin, CA",Axe Ice Chillin' Body Wash,16 fl oz,4.99,https://www.kroger.com/product/images/medium/front/0001111101026,Body wash
"Ralphs_13321 Jamboree Rd, Tustin, CA",Caress Shea Butter &amp; Brown Sugar Exfoliating Body Wash,18 fl oz,3.99,https://www.kroger.com/product/images/medium/front/0001111101490,Body wash
"Ralphs_13321 Jamboree Rd, Tustin, CA",Caress Tahitian Pomegranate &amp; Coconut Milk Exfoliating Body Wash,18 fl oz,3.99,https://www.kroger.com/product/images/medium/front/0004589310561,Body wash
"Ralphs_13321 Jamboree Rd, Tustin, CA",Caress Daily Silk White Peach &amp; Orange Blossom Body Wash,25.4 fl oz,7.99,https://www.kroger.com/product/images/medium/front/0001111140756,Body wash
"Ralphs_13321 Jamboree Rd, Tustin, CA",Dove Men + Care Clean Comfort Nutrium Moisture Foaming Body Wash,13.5 fl oz,5.99,https://www.kroger.com/product/images/medium/front/0001111100349,Body wash
"Ralphs_13321 Jamboree Rd, Tustin, CA",Herbal Essences Hello Hydration Hair &amp; Body Wash,11.7 fl oz,3.49,https://www.kroger.com/product/images/medium/front/0019067900475,Body wash
"Ralphs_13321 Jamboree Rd, Tustin, CA",Softsoap Sweet Honeysuckle &amp; Orange Peel Body Wash,18 fl oz,3.99,https://www.kroger.com/product/images/medium/front/0007418228129,Body wash
"Ralphs_13321 Jamboree Rd, Tustin, CA",Olay Age Defying Vitamin E B3 Complex Body Wash,22 fl oz,7.99,https://www.kroger.com/product/images/medium/front/0003700097473,Body wash
"Ralphs_13321 Jamboree Rd, Tustin, CA",(LMTD QTY) Ivory Aloe Scent Body Wash,30 fl oz,4.49,https://www.kroger.com/product/images/medium/front/0003700073765,Body wash
"Ralphs_13321 Jamboree Rd, Tustin, CA",Olay Hydrating Clean Almond Milk Body Wash,22 fl oz,7.99,https://www.kroger.com/product/images/medium/front/0003700097478,Body wash
"Ralphs_13321 Jamboree Rd, Tustin, CA",Olay Hydrating Glow Deep Sea Kelp Body Wash,22 fl oz,7.99,https://www.kroger.com/product/images/medium/front/0003700074594,Body wash
"Ralphs_13321 Jamboree Rd, Tustin, CA",Olay Fresh Outlast Purifying Birch Water &amp; Lavender Body Wash,22 fl oz,7.99,https://www.kroger.com/product/images/medium/front/0003700097491,Body wash
"Ralphs_13321 Jamboree Rd, Tustin, CA",Herbal Essences Long Term Relationship Damage Repair Hair + Body Wash,29.2 fl oz,8.99,https://www.kroger.com/product/images/medium/front/0019067900503,Body wash
"Ralphs_13321 Jamboree Rd, Tustin, CA",Johnson's Clean &amp; Fresh Shampoo &amp; Body Wash,13.6 fl oz,5.49,https://www.kroger.com/product/images/medium/front/0038137118390,Body wash
"Ralphs_13321 Jamboree Rd, Tustin, CA",Caress Sheer Twilight Black Orchid &amp; Patchouli Oil Body Wash,18 fl oz,3.99,https://www.kroger.com/product/images/medium/front/0001111111093,Body wash
"Ralphs_13321 Jamboree Rd, Tustin, CA",Dial For Men Ultimate Clean Complete Freshness Hair &amp; Body Wash,16 fl oz,3.5,https://www.kroger.com/product/images/medium/front/0001700004620,Body wash
"Ralphs_13321 Jamboree Rd, Tustin, CA",Herbal Essences Color Me Happy Hair + Body Wash &amp; Conditioner Gift Set,11.7 fl oz,9.99,https://www.kroger.com/product/images/medium/front/0019067900552,Body wash
"Ralphs_13321 Jamboree Rd, Tustin, CA",Herbal Essences Body Envy Hair &amp; Body Wash,29.2 fl oz,8.99,https://www.kroger.com/product/images/medium/front/0019067900489,Body wash
"Ralphs_13321 Jamboree Rd, Tustin, CA",Dove Men + Care Clean Comfort Nutrium Moisture Foaming Body Wash,13.5 fl oz,5.99,https://www.kroger.com/product/images/medium/front/0001111100349,Body wash
"Ralphs_13321 Jamboree Rd, Tustin, CA",Olay Ultra Moisture Shea Butter Body Wash,30 fl oz,11.99,https://www.kroger.com/product/images/medium/front/0003700097494,Body wash
"Ralphs_13321 Jamboree Rd, Tustin, CA",(LMTD QTY) Repure Coconut &amp; Vitamin E Body Wash,19 fl oz,7.97,https://www.kroger.com/product/images/medium/front/0081033302791,Body wash
"Ralphs_13321 Jamboree Rd, Tustin, CA",Caress Shea Butter &amp; Brown Sugar Exfoliating Body Wash,18 fl oz,3.99,https://www.kroger.com/product/images/medium/front/0001111101490,Body wash
"Ralphs_13321 Jamboree Rd, Tustin, CA",Dove Go Fresh Cucumber &amp; Green Tea Scent Body Wash,34 fl oz,9.99,https://www.kroger.com/product/images/medium/front/0001111139650,Body wash
