"Ralphs_13321 Jamboree Rd, Tustin, CA",De Cecco Farfalle Bow Tie Pasta,16 oz,2.99,https://www.kroger.com/product/images/medium/front/0002409407093,Pasta
"Ralphs_13321 Jamboree Rd, Tustin, CA",Bella Terra Organic Whole Wheat Farfalle,12 OZ,4.99,https://www.kroger.com/product/images/medium/front/0008939710808,Pasta
"Ralphs_13321 Jamboree Rd, Tustin, CA",Banza Chickpea Penne Pasta,8 oz,3.99,https://www.kroger.com/product/images/medium/front/0085718300500,Pasta
"Ralphs_13321 Jamboree Rd, Tustin, CA",Kroger® Spaghetti Pasta,16 oz,1.0,https://www.kroger.com/product/images/medium/front/0001111085004,Pasta
"Ralphs_13321 Jamboree Rd, Tustin, CA",Kroger® Elbow Macaroni Pasta,16 oz,1.0,https://www.kroger.com/product/images/medium/front/0001111085021,Pasta
"Ralphs_13321 Jamboree Rd, Tustin, CA",Barilla Thin Spaghetti Pasta,16 oz,1.5,https://www.kroger.com/product/images/medium/front/0007680828009,Pasta
"Ralphs_13321 Jamboree Rd, Tustin, CA",Banza Chickpea Shell Pasta,8 oz,3.99,https://www.kroger.com/product/images/medium/front/0085718300503,Pasta
"Ralphs_13321 Jamboree Rd, Tustin, CA",Barilla Penne Pasta,16 oz,1.5,https://www.kroger.com/product/images/medium/front/0007680828073,Pasta
"Ralphs_13321 Jamboree Rd, Tustin, CA",Kroger® Thin Spaghetti Pasta,16 oz,1.0,https://www.kroger.com/product/images/medium/front/0001111085020,Pasta
"Ralphs_13321 Jamboree Rd, Tustin, CA",Barilla Elbows Pasta,16 oz,1.5,https://www.kroger.com/product/images/medium/front/0007680851613,Pasta
"Ralphs_13321 Jamboree Rd, Tustin, CA",Banza Spaghetti Chickpea Pasta,8 oz,3.99,https://www.kroger.com/product/images/medium/front/0085718300512,Pasta
"Ralphs_13321 Jamboree Rd, Tustin, CA",Barilla Rotini Pasta,1 lb,1.5,https://www.kroger.com/product/images/medium/front/0007680828098,Pasta
"Ralphs_13321 Jamboree Rd, Tustin, CA",Ragu Old World Style Traditional Pasta Sauce,24 oz,1.99,https://www.kroger.com/product/images/medium/front/0003620000250,Pasta
"Ralphs_13321 Jamboree Rd, Tustin, CA",Kroger® Penne Rigate Pasta,16 oz,1.0,https://www.kroger.com/product/images/medium/front/0001111085033,Pasta
"Ralphs_13321 Jamboree Rd, Tustin, CA",Banza Chickpea Rotini Pasta,8 oz,3.99,https://www.kroger.com/product/images/medium/front/0085718300501,Pasta
"Ralphs_13321 Jamboree Rd, Tustin, CA",Knorr Rice Sides Cheddar Broccoli Rice &amp; Pasta Blend,5.7 oz,1.0,https://www.kroger.com/product/images/medium/front/0004100002278,Pasta
"Ralphs_13321 Jamboree Rd, Tustin, CA",Kroger® Angel Hair Pasta Box,16 oz,1.0,https://www.kroger.com/product/images/medium/front/0001111085068,Pasta
"Ralphs_13321 Jamboree Rd, Tustin, CA",Knorr Pasta Sides Cheddar Broccoli Spiral Pasta,4.3 oz,1.09,https://www.kroger.com/product/images/medium/front/0004100002286,Pasta
"Ralphs_13321 Jamboree Rd, Tustin, CA",Banza Cavatappi Chickpea Pasta,8 oz,3.99,https://www.kroger.com/product/images/medium/front/0085718300534,Pasta
"Ralphs_13321 Jamboree Rd, Tustin, CA",Hunt's Traditional Pasta Sauce,24 oz,1.0,https://www.kroger.com/product/images/medium/front/0002700050006,Pasta
"Ralphs_13321 Jamboree Rd, Tustin, CA",Kroger®  Tomato + Basil Pasta Sauce Jar,24 oz,1.49,https://www.kroger.com/product/images/medium/front/0001111001447,Pasta
"Ralphs_13321 Jamboree Rd, Tustin, CA",Pasta Roni Angel Hair Pasta with Herbs Pasta Mix,4.8 oz,0.99,https://www.kroger.com/product/images/medium/front/0001530044051,Pasta
"Ralphs_13321 Jamboree Rd, Tustin, CA",Seeds of Change Organic Brown Basmati Rice,8.5 oz,3.49,https://www.kroger.com/product/images/medium/front/0074840428793,Pasta
"Ralphs_13321 Jamboree Rd, Tustin, CA",Hunt's Garlic &amp; Herb Pasta Sauce,24 oz,1.0,https://www.kroger.com/product/images/medium/front/0002700050011,Pasta
"Ralphs_13321 Jamboree Rd, Tustin, CA",Kroger® Marinara Pasta Sauce,24 oz,1.49,https://www.kroger.com/product/images/medium/front/0001111001448,Pasta
"Ralphs_13321 Jamboree Rd, Tustin, CA",Prego Roasted Garlic &amp; Herb Italian Pasta Sauce,24 oz,2.19,https://www.kroger.com/product/images/medium/front/0005100012910,Pasta
"Ralphs_13321 Jamboree Rd, Tustin, CA",Knorr Rice Sides Chicken Flavor Broccoli Rice and Pasta Blend,5.5 oz,1.0,https://www.kroger.com/product/images/medium/front/0004100002263,Pasta
"Ralphs_13321 Jamboree Rd, Tustin, CA",Knorr Rice Sides Chicken Flavor Rice &amp; Pasta Blend,5.6 oz,1.0,https://www.kroger.com/product/images/medium/front/0004100002266,Pasta
"Ralphs_13321 Jamboree Rd, Tustin, CA",Knorr Pasta Sides Alfredo Fettuccini,4.4 oz,1.09,https://www.kroger.com/product/images/medium/front/0004100002253,Pasta
"Ralphs_13321 Jamboree Rd, Tustin, CA",Classico Tomato and Basil Pasta Sauce,24 oz,2.79,https://www.kroger.com/product/images/medium/front/0004112907712,Pasta
"Ralphs_13321 Jamboree Rd, Tustin, CA",Knorr Pasta Sides Alfredo Fettuccini,4.4 oz,1.09,https://www.kroger.com/product/images/medium/front/0004100002253,Pasta
"Ralphs_13321 Jamboree Rd, Tustin, CA",Kroger® Traditional Pasta Sauce,24 oz,1.49,https://www.kroger.com/product/images/medium/front/0001111001446,Pasta
"Ralphs_13321 Jamboree Rd, Tustin, CA",Annie's White Chedder Broccoli Mac One-Pot Organic Pasta,7.2 oz,5.49,https://www.kroger.com/product/images/medium/front/0001356211366,Pasta
"Ralphs_13321 Jamboree Rd, Tustin, CA",Knorr Pasta Sides Chicken Flavor Fettuccini,4.3 oz,1.09,https://www.kroger.com/product/images/medium/front/0004100002246,Pasta
"Ralphs_13321 Jamboree Rd, Tustin, CA",Hamburger Helper Double Cheeseburger Macaroni Pasta &amp; Cheesy Sauce Mix,6 oz,1.5,https://www.kroger.com/product/images/medium/front/0001600041625,Pasta
"Ralphs_13321 Jamboree Rd, Tustin, CA",Knorr Pasta Sides Chicken &amp; Broccoli Fettuccine Pasta,4.2 oz,1.09,https://www.kroger.com/product/images/medium/front/0004100002297,Pasta
"Ralphs_13321 Jamboree Rd, Tustin, CA",Banza Chickpea Penne Pasta,8 oz,3.99,https://www.kroger.com/product/images/medium/front/0085718300500,Pasta
"Ralphs_13321 Jamboree Rd, Tustin, CA",Knorr Pasta Sides Parmesan Fettuccine &amp; Spinach Pasta,4.3 oz,1.09,https://www.kroger.com/product/images/medium/front/0004100002255,Pasta
"Ralphs_13321 Jamboree Rd, Tustin, CA",Ragu Chunky Garden Combination Pasta Sauce,24 oz,1.99,https://www.kroger.com/product/images/medium/front/0003620000444,Pasta
"Ralphs_13321 Jamboree Rd, Tustin, CA",Pasta Roni Shells &amp; White Cheddar Pasta Mix,6.2 oz,0.99,https://www.kroger.com/product/images/medium/front/0001530044032,Pasta
"Ralphs_13321 Jamboree Rd, Tustin, CA",Banza Chickpea Shell Pasta,8 oz,3.99,https://www.kroger.com/product/images/medium/front/0085718300503,Pasta
"Ralphs_13321 Jamboree Rd, Tustin, CA",Kroger®  6-Cheese Pasta Sauce,24 oz,1.49,https://www.kroger.com/product/images/medium/front/0001111001454,Pasta
"Ralphs_13321 Jamboree Rd, Tustin, CA",Hunts Meat Pasta Sauce,24 oz,1.0,https://www.kroger.com/product/images/medium/front/0002700050008,Pasta
"Ralphs_13321 Jamboree Rd, Tustin, CA",Simple Truth Organic™ Tomato Basil Pasta Sauce,25 oz,2.29,https://www.kroger.com/product/images/medium/front/0001111038801,Pasta
"Ralphs_13321 Jamboree Rd, Tustin, CA",Banza Spaghetti Chickpea Pasta,8 oz,3.99,https://www.kroger.com/product/images/medium/front/0085718300512,Pasta
"Ralphs_13321 Jamboree Rd, Tustin, CA",Pasta Roni Fettuccine Alfredo Pasta Mix,4.7 oz,0.99,https://www.kroger.com/product/images/medium/front/0001530044035,Pasta
"Ralphs_13321 Jamboree Rd, Tustin, CA",Classico Four Cheese Alfredo Pasta Sauce,15 oz,2.79,https://www.kroger.com/product/images/medium/front/0004112927463,Pasta
"Ralphs_13321 Jamboree Rd, Tustin, CA",Classico Four Cheese Pasta Sauce,24 oz,2.79,https://www.kroger.com/product/images/medium/front/0004112907762,Pasta
"Ralphs_13321 Jamboree Rd, Tustin, CA",Banza Cavatappi Chickpea Pasta,8 oz,3.99,https://www.kroger.com/product/images/medium/front/0085718300534,Pasta
"Ralphs_13321 Jamboree Rd, Tustin, CA",Creamette Angel Hair Pasta,16 oz,1.59,https://www.kroger.com/product/images/medium/front/0001510000167,Pasta
"Ralphs_13321 Jamboree Rd, Tustin, CA",Suddenly Salad Classic Pasta Salad Mix,7.75 oz,3.29,https://www.kroger.com/product/images/medium/front/0001600050330,Pasta
"Ralphs_13321 Jamboree Rd, Tustin, CA",Pasta Roni Garlic &amp; Olive Oil Vermicelli Pasta Mix,4.6 oz,0.99,https://www.kroger.com/product/images/medium/front/0001530044025,Pasta
"Ralphs_13321 Jamboree Rd, Tustin, CA",Banza Chickpea Rotini Pasta,8 oz,3.99,https://www.kroger.com/product/images/medium/front/0085718300501,Pasta
"Ralphs_13321 Jamboree Rd, Tustin, CA",Barilla Gluten Free Spaghetti Pasta,12 oz,1.99,https://www.kroger.com/product/images/medium/front/0007680800388,Pasta
"Ralphs_13321 Jamboree Rd, Tustin, CA",Kroger®  Chunky Green Pepper &amp; Mushroom Pasta Sauce,24 oz,1.49,https://www.kroger.com/product/images/medium/front/0001111001450,Pasta
"Ralphs_13321 Jamboree Rd, Tustin, CA",Knorr Pasta Sides Stroganoff Fettuccine Pasta Side Dish,4 oz,1.09,https://www.kroger.com/product/images/medium/front/0004100002254,Pasta
"Ralphs_13321 Jamboree Rd, Tustin, CA",Kroger® Parmesan + Romano Pasta Sauce,24 oz,1.49,https://www.kroger.com/product/images/medium/front/0001111001453,Pasta
"Ralphs_13321 Jamboree Rd, Tustin, CA",Creamette Fettuccine Pasta,16 oz,1.59,https://www.kroger.com/product/images/medium/front/0001510000165,Pasta
"Ralphs_13321 Jamboree Rd, Tustin, CA",Ragu Super Chunky Mushroom Pasta Sauce,24 oz,1.99,https://www.kroger.com/product/images/medium/front/0003620000445,Pasta
"Ralphs_13321 Jamboree Rd, Tustin, CA",Suddenly Salad Ranch &amp; Bacon Pasta Salad Mix,7.5 oz,3.29,https://www.kroger.com/product/images/medium/front/0001600050940,Pasta
"Ralphs_13321 Jamboree Rd, Tustin, CA",Tuna Helper Tuna Cheesy Pasta,5.3 oz,1.5,https://www.kroger.com/product/images/medium/front/0001600026313,Pasta
"Ralphs_13321 Jamboree Rd, Tustin, CA",Kroger® Spaghetti Rings Pasta in Tomato &amp; Cheese Sauce,15 oz,0.79,https://www.kroger.com/product/images/medium/front/0001111083913,Pasta
"Ralphs_13321 Jamboree Rd, Tustin, CA",Banza Chickpea Penne Pasta,8 oz,3.99,https://www.kroger.com/product/images/medium/front/0085718300500,Pasta
"Ralphs_13321 Jamboree Rd, Tustin, CA",Classico Creamy Alfredo Pasta Sauce,15 oz,2.79,https://www.kroger.com/product/images/medium/front/0004112907763,Pasta
"Ralphs_13321 Jamboree Rd, Tustin, CA",Bertolli Tomato and Basil Pasta Sauce,24 oz,3.69,https://www.kroger.com/product/images/medium/front/0003620021931,Pasta
"Ralphs_13321 Jamboree Rd, Tustin, CA",Classico Roasted Garlic Pasta Sauce,24 oz,2.79,https://www.kroger.com/product/images/medium/front/0004112907782,Pasta
"Ralphs_13321 Jamboree Rd, Tustin, CA",Banza Spaghetti Chickpea Pasta,8 oz,3.99,https://www.kroger.com/product/images/medium/front/0085718300512,Pasta
"Ralphs_13321 Jamboree Rd, Tustin, CA",Simple Truth Organic™ Marinara Pasta Sauce,25 oz,2.29,https://www.kroger.com/product/images/medium/front/0001111083620,Pasta
"Ralphs_13321 Jamboree Rd, Tustin, CA",Barilla Ready Pasta Fully Cooked Rotini Pasta,8.5 oz,1.99,https://www.kroger.com/product/images/medium/front/0007680800683,Pasta
"Ralphs_13321 Jamboree Rd, Tustin, CA",Ragu Old World Style Traditional Pasta Sauce,45 oz,3.19,https://www.kroger.com/product/images/medium/front/0003620001401,Pasta
"Ralphs_13321 Jamboree Rd, Tustin, CA",Banza Chickpea Shell Pasta,8 oz,3.99,https://www.kroger.com/product/images/medium/front/0085718300503,Pasta
"Ralphs_13321 Jamboree Rd, Tustin, CA",Kroger® Shredded Parmesan Cheese,6 oz,2.5,https://www.kroger.com/product/images/medium/front/0001111050195,Pasta
"Ralphs_13321 Jamboree Rd, Tustin, CA",Knorr Pasta Sides Butter Fettuccine,4.5 oz,1.09,https://www.kroger.com/product/images/medium/front/0004100002249,Pasta
"Ralphs_13321 Jamboree Rd, Tustin, CA",Kroger® 100% Grated Parmesan Cheese Bottle,8 oz,2.99,https://www.kroger.com/product/images/medium/front/0001111058033,Pasta
"Ralphs_13321 Jamboree Rd, Tustin, CA",Banza Chickpea Rotini Pasta,8 oz,3.99,https://www.kroger.com/product/images/medium/front/0085718300501,Pasta
"Ralphs_13321 Jamboree Rd, Tustin, CA",Hamburger Helper Three Cheese Pasta &amp; Cheesy Sauce Mix,6 oz,1.5,https://www.kroger.com/product/images/medium/front/0001600015972,Pasta
"Ralphs_13321 Jamboree Rd, Tustin, CA",Prego Traditional Pasta Sauce,67 oz,5.99,https://www.kroger.com/product/images/medium/front/0005100001588,Pasta
"Ralphs_13321 Jamboree Rd, Tustin, CA",Knorr Pasta Sides Butter &amp; Herb Fettuccine,4.4 oz,1.09,https://www.kroger.com/product/images/medium/front/0004100002251,Pasta
"Ralphs_13321 Jamboree Rd, Tustin, CA",Banza Cavatappi Chickpea Pasta,8 oz,3.99,https://www.kroger.com/product/images/medium/front/0085718300534,Pasta
"Ralphs_13321 Jamboree Rd, Tustin, CA",Barilla Ready Pasta Fully Cooked Penne Pasta,8.5 oz,1.99,https://www.kroger.com/product/images/medium/front/0007680800655,Pasta
"Ralphs_13321 Jamboree Rd, Tustin, CA",Classico Traditional Sweet Basil Pasta Sauce,24 oz,2.79,https://www.kroger.com/product/images/medium/front/0004112907790,Pasta
"Ralphs_13321 Jamboree Rd, Tustin, CA",Barilla Marinara Pasta Sauce,24 oz,2.99,https://www.kroger.com/product/images/medium/front/0070601011292,Pasta
"Ralphs_13321 Jamboree Rd, Tustin, CA",Annie's White Chedder Broccoli Mac One-Pot Organic Pasta,7.2 oz,5.49,https://www.kroger.com/product/images/medium/front/0001356211366,Pasta
"Ralphs_13321 Jamboree Rd, Tustin, CA",Michelina's Swedish Meatballs with Gravy &amp; Pasta,9 oz,1.0,https://www.kroger.com/product/images/medium/front/0071785415106,Pasta
"Ralphs_13321 Jamboree Rd, Tustin, CA",Classico Family Favorites Traditional Pasta Sauce,24 oz,2.79,https://www.kroger.com/product/images/medium/front/0004112942460,Pasta
"Ralphs_13321 Jamboree Rd, Tustin, CA",Buitoni Mixed Cheese Tortellini Pasta,20 oz,7.99,https://www.kroger.com/product/images/medium/front/0002484207650,Pasta
"Ralphs_13321 Jamboree Rd, Tustin, CA",Barilla Veggie Spaghetti Pasta,12 oz,1.5,https://www.kroger.com/product/images/medium/front/0007680800412,Pasta
"Ralphs_13321 Jamboree Rd, Tustin, CA",Prego Chunky Garden Harvest Tomato Onion &amp; Garlic Pasta Sauce,24 oz,2.19,https://www.kroger.com/product/images/medium/front/0005100001214,Pasta
"Ralphs_13321 Jamboree Rd, Tustin, CA",Kroger® Spaghetti Rings Pasta with Meatballs,15 oz,0.89,https://www.kroger.com/product/images/medium/front/0001111083912,Pasta
"Ralphs_13321 Jamboree Rd, Tustin, CA",Ronzoni Garden Delight Tricolor Rotini Pasta,12 oz,1.59,https://www.kroger.com/product/images/medium/front/0007130000063,Pasta
"Ralphs_13321 Jamboree Rd, Tustin, CA",Barilla Gluten Free Penne Pasta,12 oz,1.99,https://www.kroger.com/product/images/medium/front/0007680800389,Pasta
"Ralphs_13321 Jamboree Rd, Tustin, CA",Ragu Chunky Tomato Garlic &amp; Onion Pasta Sauce,45 oz,3.19,https://www.kroger.com/product/images/medium/front/0003620001494,Pasta
"Ralphs_13321 Jamboree Rd, Tustin, CA",Annie's Bunny Pasta with Yummy Cheese Macaroni &amp; Cheese,6 oz,1.25,https://www.kroger.com/product/images/medium/front/0001356230060,Pasta
"Ralphs_13321 Jamboree Rd, Tustin, CA",Birds Eye Steamfresh Chef's Favorites Pasta &amp; Brocccoli In Cheese Sauce,10.8 oz,2.79,https://www.kroger.com/product/images/medium/front/0001450002377,Pasta
"Ralphs_13321 Jamboree Rd, Tustin, CA",Newman's Own Marinara Pasta Sauce,24 oz,2.49,https://www.kroger.com/product/images/medium/front/0002066200613,Pasta
"Ralphs_13321 Jamboree Rd, Tustin, CA",Buitoni Three Cheese Tortellini Pasta,9 oz,3.99,https://www.kroger.com/product/images/medium/front/0002484211211,Pasta
"Ralphs_13321 Jamboree Rd, Tustin, CA",Banza Chickpea Penne Pasta,8 oz,3.99,https://www.kroger.com/product/images/medium/front/0085718300500,Pasta
"Ralphs_13321 Jamboree Rd, Tustin, CA",Barilla Jumbo Shells Pasta,12 oz,2.59,https://www.kroger.com/product/images/medium/front/0007680851708,Pasta
"Ralphs_13321 Jamboree Rd, Tustin, CA",Barilla Veggie Spaghetti Pasta,12 oz,1.5,https://www.kroger.com/product/images/medium/front/0007680800412,Pasta
"Ralphs_13321 Jamboree Rd, Tustin, CA",Creamette Penne Rigate Pasta,16 oz,1.59,https://www.kroger.com/product/images/medium/front/0001510000236,Pasta
