"Ralphs_13321 Jamboree Rd, Tustin, CA",TRESemme Moisture Rich Shampoo,28 fl oz,3.99,https://www.kroger.com/product/images/medium/front/0002240039365,Shampoo
"Ralphs_13321 Jamboree Rd, Tustin, CA",VO5 Moisture Milks Strawberries &amp; Cream Moisturizing Shampoo,12.5 fl oz,0.89,https://www.kroger.com/product/images/medium/front/0081655901302,Shampoo
"Ralphs_13321 Jamboree Rd, Tustin, CA",L'Oreal Paris Elvive Color Vibrancy Purple Shampoo,6.7 fl oz,4.49,https://www.kroger.com/product/images/medium/front/0360052382694,Shampoo
"Ralphs_13321 Jamboree Rd, Tustin, CA",VO5 Extra Body Volumizing Shampoo,12.5 fl oz,0.89,https://www.kroger.com/product/images/medium/front/0081655901286,Shampoo
"Ralphs_13321 Jamboree Rd, Tustin, CA",Ogx Thick &amp; Full Biotin &amp; Collagen Shampoo,13 fl oz,6.0,https://www.kroger.com/product/images/medium/front/0002279691670,Shampoo
"Ralphs_13321 Jamboree Rd, Tustin, CA",Suave Men 3-in-1 Citrus Rush Shampoo + Conditioner + Body Wash,28 fl oz,5.49,https://www.kroger.com/product/images/medium/front/0007940006296,Shampoo
"Ralphs_13321 Jamboree Rd, Tustin, CA",Dial For Men Recharge 3-in-1 Revitalizing Body Wash,16 fl oz,3.5,https://www.kroger.com/product/images/medium/front/0001700015513,Shampoo
"Ralphs_13321 Jamboree Rd, Tustin, CA",VO5 Herbal Escapes Kiwi Lime Squeeze Clarifying Shampoo,12.5 fl oz,0.89,https://www.kroger.com/product/images/medium/front/0081655901290,Shampoo
"Ralphs_13321 Jamboree Rd, Tustin, CA",Ogx Nourishing Coconut Milk Shampoo,13 fl oz,6.0,https://www.kroger.com/product/images/medium/front/0002279691005,Shampoo
"Ralphs_13321 Jamboree Rd, Tustin, CA",Suave Men 2-in-1 Ocean Charge Shampoo + Conditioner,28 fl oz,5.49,https://www.kroger.com/product/images/medium/front/0004589306359,Shampoo
"Ralphs_13321 Jamboree Rd, Tustin, CA",OGX Quenching Coconut Curls Shampoo,13 fl oz,6.0,https://www.kroger.com/product/images/medium/front/0002279690090,Shampoo
"Ralphs_13321 Jamboree Rd, Tustin, CA",Suave Daily Clarifying Shampoo,30 Fl Oz,1.99,https://www.kroger.com/product/images/medium/front/0007940058853,Shampoo
"Ralphs_13321 Jamboree Rd, Tustin, CA",Garnier Fructis Sleek &amp; Shine Paraben-Free Fortifying Shampoo,12.5 fl oz,2.99,https://www.kroger.com/product/images/medium/front/0060308449125,Shampoo
"Ralphs_13321 Jamboree Rd, Tustin, CA",VO5 Normal Balancing Shampoo,12.5 fl oz,0.89,https://www.kroger.com/product/images/medium/front/0081655901292,Shampoo
"Ralphs_13321 Jamboree Rd, Tustin, CA",OGX Hydrating Teatree Mint Shampoo,13 fl oz,6.0,https://www.kroger.com/product/images/medium/front/0002279691014,Shampoo
"Ralphs_13321 Jamboree Rd, Tustin, CA",Johnson's Newborn Head-To-Toe Wash &amp; Shampoo,16.9 fl oz,3.99,https://www.kroger.com/product/images/medium/front/0038137117567,Shampoo
"Ralphs_13321 Jamboree Rd, Tustin, CA",Suave Essentials Juicy Green Apple Revitalizing Shampoo,15 fl oz,0.99,https://www.kroger.com/product/images/medium/front/0007940046271,Shampoo
"Ralphs_13321 Jamboree Rd, Tustin, CA",Pantene Pro-V Daily Moisture Renewal Shampoo,25.4 fl oz,6.79,https://www.kroger.com/product/images/medium/front/0008087817132,Shampoo
"Ralphs_13321 Jamboree Rd, Tustin, CA",Ogx Anti-Breakage Keratin Oil Shampoo,13 fl oz,6.0,https://www.kroger.com/product/images/medium/front/0002279691751,Shampoo
"Ralphs_13321 Jamboree Rd, Tustin, CA",Suave Tropical Coconut Shampoo,30 fl oz,1.99,https://www.kroger.com/product/images/medium/front/0007940058852,Shampoo
"Ralphs_13321 Jamboree Rd, Tustin, CA",Dove Men+Care Fresh and Clean Fortifying Shampoo &amp; Conditioner,12 fl oz,4.29,https://www.kroger.com/product/images/medium/front/0007940026654,Shampoo
"Ralphs_13321 Jamboree Rd, Tustin, CA",Suave Essentials Daily Clarifying Shampoo,15 fl oz,0.99,https://www.kroger.com/product/images/medium/front/0007940046273,Shampoo
"Ralphs_13321 Jamboree Rd, Tustin, CA",L'Oreal Paris Elvive Total Repair 5 Repairing Shampoo,12.6 fl oz,4.49,https://www.kroger.com/product/images/medium/front/0007124920730,Shampoo
"Ralphs_13321 Jamboree Rd, Tustin, CA",Pantene Pro-V Classic Clean Shampoo,25.4 fl oz,6.79,https://www.kroger.com/product/images/medium/front/0008087800550,Shampoo
"Ralphs_13321 Jamboree Rd, Tustin, CA",Suave Almond +Shea Butter Shampoo and Conditioner Set,32 fl oz,4.99,https://www.kroger.com/product/images/medium/left/0007940045611,Shampoo
"Ralphs_13321 Jamboree Rd, Tustin, CA",Suave Essentials Waterfall Mist Refreshing Shampoo,15 fl oz,0.99,https://www.kroger.com/product/images/medium/front/0007940046272,Shampoo
"Ralphs_13321 Jamboree Rd, Tustin, CA",Garnier Fructis Triple Nutrition Paraben-Free Fortifying Shampoo,12.5 fl oz,2.99,https://www.kroger.com/product/images/medium/front/0060308449151,Shampoo
"Ralphs_13321 Jamboree Rd, Tustin, CA",Garnier Fructis Color Shield Fortifying Shampoo,12.5 fl oz,2.99,https://www.kroger.com/product/images/medium/front/0060308449141,Shampoo
"Ralphs_13321 Jamboree Rd, Tustin, CA",TRESemme Smooth &amp; Silky Frizz Control Shampoo,28 fl oz,3.99,https://www.kroger.com/product/images/medium/front/0002240039368,Shampoo
"Ralphs_13321 Jamboree Rd, Tustin, CA",Pantene Pro-V Daily Moisture Renewal Shampoo,12.6 fl oz,3.99,https://www.kroger.com/product/images/medium/front/0008087817126,Shampoo
"Ralphs_13321 Jamboree Rd, Tustin, CA",Suave Professionals Men Thick And Full 2 In 1 Shampoo &amp; Conditioner,28 fl oz,5.49,https://www.kroger.com/product/images/medium/front/0007940045074,Shampoo
"Ralphs_13321 Jamboree Rd, Tustin, CA",TRESemme Clean &amp; Replenish Deep Cleansing Shampoo,28 fl oz,3.99,https://www.kroger.com/product/images/medium/front/0002240039364,Shampoo
"Ralphs_13321 Jamboree Rd, Tustin, CA",Ogx Nourishing Coconut Milk Shampoo,13 fl oz,6.0,https://www.kroger.com/product/images/medium/front/0002279691005,Shampoo
"Ralphs_13321 Jamboree Rd, Tustin, CA",Suave Essentials Waterfall Mist Refreshing Shampoo,15 fl oz,0.99,https://www.kroger.com/product/images/medium/front/0007940046272,Shampoo
"Ralphs_13321 Jamboree Rd, Tustin, CA",Dial For Men Recharge 3-in-1 Revitalizing Body Wash,16 fl oz,3.5,https://www.kroger.com/product/images/medium/front/0001700015513,Shampoo
"Ralphs_13321 Jamboree Rd, Tustin, CA",L'Oreal Paris Elvive Dream Lengths Long Damaged Hair Restoring Shampoo,12.6 fl oz,4.49,https://www.kroger.com/product/images/medium/front/0007124938361,Shampoo
"Ralphs_13321 Jamboree Rd, Tustin, CA",OGX Purifying Charcoal Detox Shampoo,13 fl oz,8.49,https://www.kroger.com/product/images/medium/front/0002279664200,Shampoo
"Ralphs_13321 Jamboree Rd, Tustin, CA",Hartz Groomer's Best Extra Gentle Soothing Oatmeal Shampoo,18 fl oz,6.99,https://www.kroger.com/product/images/medium/front/0003270097928,Shampoo
"Ralphs_13321 Jamboree Rd, Tustin, CA",OGX Ever Straight Brazilian Keratin Therapy Shampoo,13 fl oz,6.0,https://www.kroger.com/product/images/medium/front/0002279691601,Shampoo
"Ralphs_13321 Jamboree Rd, Tustin, CA",Garnier Fructis Grow Strong Apple Extract &amp; Ceramide Shampoo,12.5 fl oz,2.99,https://www.kroger.com/product/images/medium/front/0060308449183,Shampoo
"Ralphs_13321 Jamboree Rd, Tustin, CA",L'Oreal Paris Elvive Total Repair 5 Repairing Shampoo,12.6 fl oz,4.49,https://www.kroger.com/product/images/medium/front/0007124920730,Shampoo
"Ralphs_13321 Jamboree Rd, Tustin, CA",Dove Men + Care Thick &amp; Strong Fortifying Shampoo + Conditioner,12 fl oz,4.29,https://www.kroger.com/product/images/medium/front/0007940026655,Shampoo
"Ralphs_13321 Jamboree Rd, Tustin, CA",Dove Men+Care Fresh and Clean Fortifying Shampoo &amp; Conditioner,12 fl oz,4.29,https://www.kroger.com/product/images/medium/front/0007940026654,Shampoo
"Ralphs_13321 Jamboree Rd, Tustin, CA",Dove Nutritive Solutions Daily Moisture Shampoo,12 fl oz,3.49,https://www.kroger.com/product/images/medium/front/0007940086660,Shampoo
"Ralphs_13321 Jamboree Rd, Tustin, CA",Ogx Anti-Breakage Keratin Oil Shampoo,13 fl oz,6.0,https://www.kroger.com/product/images/medium/front/0002279691751,Shampoo
"Ralphs_13321 Jamboree Rd, Tustin, CA",Kroger® Dry Scalp Almond Oil 2 in 1 Dandruff Shampoo Plus Conditioner,14.2 fl oz,3.99,https://www.kroger.com/product/images/medium/front/0004126037341,Shampoo
"Ralphs_13321 Jamboree Rd, Tustin, CA",Suave Professionals Sleek Shampoo,12.6 Fl Oz,1.99,https://www.kroger.com/product/images/medium/front/0007940092060,Shampoo
"Ralphs_13321 Jamboree Rd, Tustin, CA",Pantene Pro-V Sheer Volume Shampoo,12.6 fl oz,3.99,https://www.kroger.com/product/images/medium/front/0008087804216,Shampoo
"Ralphs_13321 Jamboree Rd, Tustin, CA",OGX Extra Strength Refreshing Scalp + Teatree Mint Shampoo,13 fl oz,8.49,https://www.kroger.com/product/images/medium/front/0002279661071,Shampoo
"Ralphs_13321 Jamboree Rd, Tustin, CA",Suave Professionals Men Ocean Charge 2-in-1 Shampoo &amp; Conditioner,12.6 fl oz,1.99,https://www.kroger.com/product/images/medium/front/0007940085860,Shampoo
"Ralphs_13321 Jamboree Rd, Tustin, CA",Head &amp; Shoulders Itchy Scalp Care 2 in 1 Anti Dandruff Shampoo/Conditioner,23.7 fl oz,8.49,https://www.kroger.com/product/images/medium/front/0003700047368,Shampoo
"Ralphs_13321 Jamboree Rd, Tustin, CA",Garnier Fructis Color Shield Fortifying Shampoo,12.5 fl oz,2.99,https://www.kroger.com/product/images/medium/front/0060308449141,Shampoo
"Ralphs_13321 Jamboree Rd, Tustin, CA",L'Oreal Paris Elvive Color Vibrancy Purple Shampoo,6.7 fl oz,4.49,https://www.kroger.com/product/images/medium/front/0360052382694,Shampoo
"Ralphs_13321 Jamboree Rd, Tustin, CA",Not Your Mother's Clean Freak Dry Shampoo,7 oz,6.49,https://www.kroger.com/product/images/medium/front/0068804713009,Shampoo
"Ralphs_13321 Jamboree Rd, Tustin, CA",Dove Nutritive Solutions Daily Moisture Shampoo,25.4 fl oz,6.99,https://www.kroger.com/product/images/medium/front/0007940005248,Shampoo
"Ralphs_13321 Jamboree Rd, Tustin, CA",Garnier Fructis Triple Nutrition Paraben-Free Fortifying Shampoo,12.5 fl oz,2.99,https://www.kroger.com/product/images/medium/front/0060308449151,Shampoo
"Ralphs_13321 Jamboree Rd, Tustin, CA",L'Oreal Paris Elvive Extraordinary Oil Nourishing Shampoo,12.6 fl oz,4.49,https://www.kroger.com/product/images/medium/front/0007124929231,Shampoo
"Ralphs_13321 Jamboree Rd, Tustin, CA",TRESemme Anti-Breakage Shampoo,28 fl oz,3.99,https://www.kroger.com/product/images/medium/front/0002240039366,Shampoo
"Ralphs_13321 Jamboree Rd, Tustin, CA",OGX Thick &amp; Full + Biotin &amp; Collagen Shampoo,19.5 fl oz,6.0,https://www.kroger.com/product/images/medium/front/0002279691848,Shampoo
"Ralphs_13321 Jamboree Rd, Tustin, CA",Pantene Pro-V Smooth &amp; Sleek 2 in 1 Shampoo &amp; Conditioner,25.4 fl oz,6.79,https://www.kroger.com/product/images/medium/front/0008087804260,Shampoo
"Ralphs_13321 Jamboree Rd, Tustin, CA",Pantene Pro-V Sheer Volume 2-In-1 Shampoo &amp; Conditioner,12.6 fl oz,3.99,https://www.kroger.com/product/images/medium/front/0008087804220,Shampoo
"Ralphs_13321 Jamboree Rd, Tustin, CA",Herbal Essences Smooth Rose Hips Shampoo,29.2 fl oz,7.99,https://www.kroger.com/product/images/medium/front/0019067900515,Shampoo
"Ralphs_13321 Jamboree Rd, Tustin, CA",TRESemme Anti-Breakage Shampoo,28 fl oz,3.99,https://www.kroger.com/product/images/medium/front/0002240039366,Shampoo
"Ralphs_13321 Jamboree Rd, Tustin, CA",L'Oreal Paris Elvive Total Repair 5 Repairing Shampoo,12.6 fl oz,4.49,https://www.kroger.com/product/images/medium/front/0007124920730,Shampoo
"Ralphs_13321 Jamboree Rd, Tustin, CA",(LMTD QTY) Garnier Fructis Pure Clean Aloe Extract Fortifying Shampoo,12.5 fl oz,2.99,https://www.kroger.com/product/images/medium/front/0060308449170,Shampoo
"Ralphs_13321 Jamboree Rd, Tustin, CA",L'Oreal Paris Elvive Color Vibrancy Purple Shampoo,6.7 fl oz,4.49,https://www.kroger.com/product/images/medium/front/0360052382694,Shampoo
"Ralphs_13321 Jamboree Rd, Tustin, CA",Garnier Whole Blends Honey Treasures Repairing Shampoo,22 fl oz,6.99,https://www.kroger.com/product/images/medium/front/0060308445950,Shampoo
"Ralphs_13321 Jamboree Rd, Tustin, CA",OGX Hydrating Teatree Mint Shampoo,13 fl oz,6.0,https://www.kroger.com/product/images/medium/front/0002279691014,Shampoo
"Ralphs_13321 Jamboree Rd, Tustin, CA",Dove Nutritive Solutions Daily Moisture Shampoo,25.4 fl oz,6.99,https://www.kroger.com/product/images/medium/front/0007940005248,Shampoo
"Ralphs_13321 Jamboree Rd, Tustin, CA",OGX Extra Strength Refreshing Scalp + Teatree Mint Shampoo,13 fl oz,8.49,https://www.kroger.com/product/images/medium/front/0002279661071,Shampoo
"Ralphs_13321 Jamboree Rd, Tustin, CA",Head &amp; Shoulders Deep Moisture with Avocado Oil Shampoo,12.8 fl oz,5.99,https://www.kroger.com/product/images/medium/front/0003700073313,Shampoo
"Ralphs_13321 Jamboree Rd, Tustin, CA",Ogx Renewing Argan Oil of Morocco Shampoo,13 fl oz,6.0,https://www.kroger.com/product/images/medium/front/0002279691611,Shampoo
"Ralphs_13321 Jamboree Rd, Tustin, CA",Dove Refresh + Care Volume &amp; Fullness Dry Shampoo,5 oz,4.99,https://www.kroger.com/product/images/medium/front/0007940020244,Shampoo
"Ralphs_13321 Jamboree Rd, Tustin, CA",Suave Professionals Almond &amp; Shea Butter Moisturizing Shampoo,12.6 fl oz,2.99,https://www.kroger.com/product/images/medium/front/0007940006661,Shampoo
"Ralphs_13321 Jamboree Rd, Tustin, CA",Pantene Pro-V Smooth &amp; Sleek 2 in 1 Shampoo &amp; Conditioner,25.4 fl oz,6.79,https://www.kroger.com/product/images/medium/front/0008087804260,Shampoo
"Ralphs_13321 Jamboree Rd, Tustin, CA",OGX Ever Straight Brazilian Keratin Therapy Shampoo,13 fl oz,6.0,https://www.kroger.com/product/images/medium/front/0002279691601,Shampoo
"Ralphs_13321 Jamboree Rd, Tustin, CA",Pantene Pro-V Curl Perfection Shampoo,12.6 fl oz,3.99,https://www.kroger.com/product/images/medium/front/0008087804228,Shampoo
"Ralphs_13321 Jamboree Rd, Tustin, CA",Hartz Groomer's Best Extra Gentle Soothing Oatmeal Shampoo,18 fl oz,6.99,https://www.kroger.com/product/images/medium/front/0003270097928,Shampoo
"Ralphs_13321 Jamboree Rd, Tustin, CA",Head &amp; Shoulders 2 in 1 Dry Scalp Care Shampoo + Conditioner,13.5 fl oz,5.99,https://www.kroger.com/product/images/medium/front/0003700006205,Shampoo
"Ralphs_13321 Jamboree Rd, Tustin, CA",OGX Purifying Charcoal Detox Shampoo,13 fl oz,8.49,https://www.kroger.com/product/images/medium/front/0002279664200,Shampoo
"Ralphs_13321 Jamboree Rd, Tustin, CA",Head &amp; Shoulders Green Apple Anti Dandruff Shampoo,13.5 fl oz,5.99,https://www.kroger.com/product/images/medium/front/0003700052022,Shampoo
"Ralphs_13321 Jamboree Rd, Tustin, CA",Pantene Pro-V Classic Clean Shampoo,12.6 fl oz,3.99,https://www.kroger.com/product/images/medium/front/0008087800218,Shampoo
"Ralphs_13321 Jamboree Rd, Tustin, CA",Batiste Instant Hair Refresh Original Dry Shampoo,6.73 fl oz,6.49,https://www.kroger.com/product/images/medium/front/0501072452748,Shampoo
"Ralphs_13321 Jamboree Rd, Tustin, CA",Dial For Men Recharge 3-in-1 Revitalizing Body Wash,16 fl oz,3.5,https://www.kroger.com/product/images/medium/front/0001700015513,Shampoo
"Ralphs_13321 Jamboree Rd, Tustin, CA",Aussie Total Miracle Collection 7N1 Shampoo,26.2 fl oz,4.99,https://www.kroger.com/product/images/medium/front/0038151918337,Shampoo
"Ralphs_13321 Jamboree Rd, Tustin, CA",Dove Nutritive Solutions Oxygen Moisture Shampoo,12 fl oz,3.49,https://www.kroger.com/product/images/medium/front/0007940031743,Shampoo
"Ralphs_13321 Jamboree Rd, Tustin, CA",Dove Men Plus Care Charcoal Fortifying Shampoo,12 fl oz,4.29,https://www.kroger.com/product/images/medium/front/0007940045186,Shampoo
"Ralphs_13321 Jamboree Rd, Tustin, CA",Pantene Pro-V Smooth &amp; Sleek Shampoo,25.4 fl oz,6.79,https://www.kroger.com/product/images/medium/front/0008087804255,Shampoo
"Ralphs_13321 Jamboree Rd, Tustin, CA",Kroger® Dry Scalp Almond Oil 2 in 1 Dandruff Shampoo Plus Conditioner,14.2 fl oz,3.99,https://www.kroger.com/product/images/medium/front/0004126037341,Shampoo
"Ralphs_13321 Jamboree Rd, Tustin, CA",Garnier Fructis Daily Care 2-in-1 Grapefruit Shampoo &amp; Conditioner,12.5 fl oz,2.99,https://www.kroger.com/product/images/medium/front/0060308449180,Shampoo
"Ralphs_13321 Jamboree Rd, Tustin, CA",Head &amp; Shoulders Classic Clean Daily Dandruff Shampoo,23.7 fl oz,8.49,https://www.kroger.com/product/images/medium/front/0003700001196,Shampoo
"Ralphs_13321 Jamboree Rd, Tustin, CA",Pert Plus Classic Clean 2 in 1 Shampoo and Conditioner,25.4 fl oz,6.99,https://www.kroger.com/product/images/medium/front/0088348470890,Shampoo
"Ralphs_13321 Jamboree Rd, Tustin, CA",Dove Men Care Fresh &amp; Clean Travel Size Shampoo &amp; Conditioner,3 fl oz,2.59,https://www.kroger.com/product/images/medium/front/0007940059220,Shampoo
"Ralphs_13321 Jamboree Rd, Tustin, CA",Dove Nutritive Solutions Color Care Shampoo,12 fl oz,3.49,https://www.kroger.com/product/images/medium/front/0004589303844,Shampoo
"Ralphs_13321 Jamboree Rd, Tustin, CA",Ogx Extra Strength Coconut Miracle Oil Dry Shampoo,5 oz,8.49,https://www.kroger.com/product/images/medium/front/0002279664081,Shampoo
"Ralphs_13321 Jamboree Rd, Tustin, CA",Batiste Instant Hair Refresh Original Dry Shampoo,6.73 fl oz,6.49,https://www.kroger.com/product/images/medium/front/0501072452748,Shampoo
"Ralphs_13321 Jamboree Rd, Tustin, CA",L'Oreal Paris Elvive Color Vibrancy Purple Shampoo,6.7 fl oz,4.49,https://www.kroger.com/product/images/medium/front/0360052382694,Shampoo
"Ralphs_13321 Jamboree Rd, Tustin, CA",TRESemme&nbsp;Moisture Rich Shampoo,39 fl oz,6.49,https://www.kroger.com/product/images/medium/front/0002240063900,Shampoo
"Ralphs_13321 Jamboree Rd, Tustin, CA",Ogx Thick &amp; Full Biotin &amp; Collagen Shampoo,13 fl oz,6.0,https://www.kroger.com/product/images/medium/front/0002279691670,Shampoo
"Ralphs_13321 Jamboree Rd, Tustin, CA",Dove Nutritive Solutions Daily Moisture Shampoo,25.4 fl oz,6.99,https://www.kroger.com/product/images/medium/front/0007940005248,Shampoo
