Store,Product,Size,Price,Url,Category
"Ralphs_6300 Irvine Blvd, Irvine, CA",Suave Essentials Ocean Breeze Refreshing Body Wash,15 fl oz,1.99,https://www.kroger.com/product/images/medium/front/0007940083500,Body wash
"Ralphs_6300 Irvine Blvd, Irvine, CA",Suave Men Refresh Hydrating Body Wash,15 fl oz,1.99,https://www.kroger.com/product/images/medium/front/0007940087240,Body wash
"Ralphs_6300 Irvine Blvd, Irvine, CA",Dial Spring Water Hydrating Body Wash,16 fl oz,3.5,https://www.kroger.com/product/images/medium/front/0001700001874,Body wash
"Ralphs_6300 Irvine Blvd, Irvine, CA",Suave Essentials Sweet Pea &amp; Violet Body Wash,15 fl oz,1.99,https://www.kroger.com/product/images/medium/front/0007940084860,Body wash
"Ralphs_6300 Irvine Blvd, Irvine, CA",Suave Essentials Cocoa Butter &amp; Shea Creamy Body Wash,15 fl oz,1.99,https://www.kroger.com/product/images/medium/front/0007940060286,Body wash
"Ralphs_6300 Irvine Blvd, Irvine, CA",Suave Milk &amp; Honey Splash Creamy Body Wash,15 fl oz,1.99,https://www.kroger.com/product/images/medium/front/0007940011886,Body wash
"Ralphs_6300 Irvine Blvd, Irvine, CA",Olay Ultra Moisture Shea Butter B3 Complex Body Wash,22 fl oz,7.99,https://www.kroger.com/product/images/medium/front/0003700097464,Body wash
"Ralphs_6300 Irvine Blvd, Irvine, CA",Dove Deep Moisture Nourishing Body Wash,22 fl oz,5.99,https://www.kroger.com/product/images/medium/front/0001111112425,Body wash
"Ralphs_6300 Irvine Blvd, Irvine, CA",Suave Men 2-in-1 Hair &amp; Body Wash,12 fl oz,1.99,https://www.kroger.com/product/images/medium/front/0007940037021,Body wash
"Ralphs_6300 Irvine Blvd, Irvine, CA",Suave Men 3-in-1 Citrus Rush Shampoo + Conditioner + Body Wash,28 fl oz,5.49,https://www.kroger.com/product/images/medium/front/0007940006296,Body wash
"Ralphs_6300 Irvine Blvd, Irvine, CA",Dial For Men Ultimate Clean Complete Freshness Hair &amp; Body Wash,16 fl oz,3.5,https://www.kroger.com/product/images/medium/front/0001700004620,Body wash
"Ralphs_6300 Irvine Blvd, Irvine, CA",Dove Sensitive Skin Hypoallergenic Nourishing Body Wash,22 fl oz,5.99,https://www.kroger.com/product/images/medium/front/0001111112224,Body wash
"Ralphs_6300 Irvine Blvd, Irvine, CA",Dove Purely Pampering Shea Butter with Warm Vanilla Body Wash,22 fl oz,5.99,https://www.kroger.com/product/images/medium/front/0001111111522,Body wash
"Ralphs_6300 Irvine Blvd, Irvine, CA",Dove Refreshing Cucumber &amp; Green Tea Nourishing Body Wash,22 fl oz,5.99,https://www.kroger.com/product/images/medium/front/0001111112331,Body wash
"Ralphs_6300 Irvine Blvd, Irvine, CA",Old Spice Red Zone Collection Swagger Body Wash,30 fl oz,8.99,https://www.kroger.com/product/images/medium/front/0003700073357,Body wash
"Ralphs_6300 Irvine Blvd, Irvine, CA",Axe Phoenix Crushed Mint &amp; Rosemary Scent Clean + Cool Body Wash,16 fl oz,4.99,https://www.kroger.com/product/images/medium/front/0001111124093,Body wash
"Ralphs_6300 Irvine Blvd, Irvine, CA",(LMTD QTY) Suave Essentials Aloe &amp; Rose Water Moisturizing Body Wash,15 fl oz,1.99,https://www.kroger.com/product/images/medium/front/0007940046687,Body wash
"Ralphs_6300 Irvine Blvd, Irvine, CA",Irish Spring Original 24-Hour Fresh Body Wash,18 fl oz,3.99,https://www.kroger.com/product/images/medium/front/0003500026918,Body wash
"Ralphs_6300 Irvine Blvd, Irvine, CA",Olay Ultra Moisture Coconut Oasis Body Wash,22 fl oz,7.99,https://www.kroger.com/product/images/medium/front/0003700097475,Body wash
"Ralphs_6300 Irvine Blvd, Irvine, CA",Caress White Peach &amp; Orange Blossom Daily Silk Body Wash,18 fl oz,3.99,https://www.kroger.com/product/images/medium/front/0001111177418,Body wash
"Ralphs_6300 Irvine Blvd, Irvine, CA",Dove Go Fresh Pomegranate and Lemon Verbena Scent Body Wash,22 fl oz,5.99,https://www.kroger.com/product/images/medium/front/0001111107470,Body wash
"Ralphs_6300 Irvine Blvd, Irvine, CA",Softsoap Coconut Butter Scrub Exfoliating Body Wash,20 fl oz,3.99,https://www.kroger.com/product/images/medium/front/0007418247338,Body wash
"Ralphs_6300 Irvine Blvd, Irvine, CA",Olay Ultra Moisture Shea Butter Body Wash,30 fl oz,11.99,https://www.kroger.com/product/images/medium/front/0003700097494,Body wash
"Ralphs_6300 Irvine Blvd, Irvine, CA",Dove Men+Care Clean Comfort Micro Moisture Body Wash,13.5 fl oz,4.99,https://www.kroger.com/product/images/medium/front/0001111101412,Body wash
"Ralphs_6300 Irvine Blvd, Irvine, CA",Suave Essentials Ocean Breeze Body Wash,28 fl oz,3.69,https://www.kroger.com/product/images/medium/front/0007940034737,Body wash
"Ralphs_6300 Irvine Blvd, Irvine, CA",Old Spice Hydro Wash Pure Sport Plus Hydrating Body Wash,16 fl oz,6.99,https://www.kroger.com/product/images/medium/front/0003700097188,Body wash
"Ralphs_6300 Irvine Blvd, Irvine, CA",Dove Gentle Exfoliating Nourishing Body Wash,22 fl oz,5.99,https://www.kroger.com/product/images/medium/front/0001111112518,Body wash
"Ralphs_6300 Irvine Blvd, Irvine, CA",Dove Men+Care Extra Fresh Micro Moisture Body Wash,13.5 fl oz,4.99,https://www.kroger.com/product/images/medium/front/0001111101413,Body wash
"Ralphs_6300 Irvine Blvd, Irvine, CA",Kroger® Sensitive Skin Body Wash,24 fl oz,5.99,https://www.kroger.com/product/images/medium/front/0004126034156,Body wash
"Ralphs_6300 Irvine Blvd, Irvine, CA",Nivea Men Cool 3-in-1 Body Wash,16.9 fl oz,5.99,https://www.kroger.com/product/images/medium/front/0007214081063,Body wash
"Ralphs_6300 Irvine Blvd, Irvine, CA",Olay Ultra Moisture Shea Butter B3 Complex Body Wash,22 fl oz,7.99,https://www.kroger.com/product/images/medium/front/0003700097464,Body wash
"Ralphs_6300 Irvine Blvd, Irvine, CA",Old Spice Hydro Wash Pure Sport Plus Hydrating Body Wash,16 fl oz,6.99,https://www.kroger.com/product/images/medium/front/0003700097188,Body wash
"Ralphs_6300 Irvine Blvd, Irvine, CA",Caress Sheer Twilight Black Orchid &amp; Patchouli Oil Body Wash,18 fl oz,3.99,https://www.kroger.com/product/images/medium/front/0001111111093,Body wash
"Ralphs_6300 Irvine Blvd, Irvine, CA",Irish Spring Original 24-Hour Fresh Body Wash,18 fl oz,3.99,https://www.kroger.com/product/images/medium/front/0003500026918,Body wash
"Ralphs_6300 Irvine Blvd, Irvine, CA",Dial Spring Water Body Wash,32 fl oz,7.99,https://www.kroger.com/product/images/medium/front/0001700011856,Body wash
"Ralphs_6300 Irvine Blvd, Irvine, CA",Dial Himalayan Salt Body Wash,16 fl oz,3.5,https://www.kroger.com/product/images/medium/front/0001700009273,Body wash
"Ralphs_6300 Irvine Blvd, Irvine, CA",Suave Essentials Sea Salt &amp; Eucalyptus Exfoliating Body Wash,15 fl oz,1.99,https://www.kroger.com/product/images/medium/front/0007940046692,Body wash
"Ralphs_6300 Irvine Blvd, Irvine, CA",Dial Lavender &amp; Twilight Jasmine Hydrating Body Wash,16 fl oz,3.5,https://www.kroger.com/product/images/medium/front/0001700007191,Body wash
"Ralphs_6300 Irvine Blvd, Irvine, CA",Old Spice Moisturize with Shea Butter Body Wash,16 fl oz,5.99,https://www.kroger.com/product/images/medium/front/0003700079342,Body wash
"Ralphs_6300 Irvine Blvd, Irvine, CA",(LMTD QTY) Irish Spring 24 Hour Fresh Aloe Body Wash,18 fl oz,3.99,https://www.kroger.com/product/images/medium/front/0003500026920,Body wash
"Ralphs_6300 Irvine Blvd, Irvine, CA",Dove Go Fresh Blue Fig &amp; Orange Blossom Scent Body Wash,24 fl oz,5.99,https://www.kroger.com/product/images/medium/front/0001111126270,Body wash
"Ralphs_6300 Irvine Blvd, Irvine, CA",Axe Excite Crisp Coconut &amp; Black Pepper Scent Clean + Energized Body Wash,16 fl oz,4.99,https://www.kroger.com/product/images/medium/front/0001111124091,Body wash
"Ralphs_6300 Irvine Blvd, Irvine, CA",Dial For Men Ultimate Clean Complete Freshness Hair &amp; Body Wash,16 fl oz,3.5,https://www.kroger.com/product/images/medium/front/0001700004620,Body wash
"Ralphs_6300 Irvine Blvd, Irvine, CA",Ivory Original Scent Body Wash,30 fl oz,4.49,https://www.kroger.com/product/images/medium/front/0003700073753,Body wash
"Ralphs_6300 Irvine Blvd, Irvine, CA",Dove Deep Moisture Nourishing Body Wash,34 fl oz,9.99,https://www.kroger.com/product/images/medium/front/0001111139648,Body wash
"Ralphs_6300 Irvine Blvd, Irvine, CA",Axe Clean + Chilled Frozen Pear &amp; Cedarwood Scent Black Body Wash,16 fl oz,4.99,https://www.kroger.com/product/images/medium/front/0001111157598,Body wash
"Ralphs_6300 Irvine Blvd, Irvine, CA",Old Spice Red Zone Collection Swagger Body Wash,30 fl oz,8.99,https://www.kroger.com/product/images/medium/front/0003700073357,Body wash
"Ralphs_6300 Irvine Blvd, Irvine, CA",Kroger® Nourish Cool Moisture Body Wash,24 fl oz,5.99,https://www.kroger.com/product/images/medium/front/0004126035617,Body wash
"Ralphs_6300 Irvine Blvd, Irvine, CA",Dove Mango + Almond Butter Body Wash,22 fl oz,6.69,https://www.kroger.com/product/images/medium/front/0001111101640,Body wash
"Ralphs_6300 Irvine Blvd, Irvine, CA",Dove Sensitive Skin Instant Foaming Body Wash Pump,13.5 fl oz,6.99,https://www.kroger.com/product/images/medium/front/0001111169864,Body wash
"Ralphs_6300 Irvine Blvd, Irvine, CA",Olay Ultra Moisture Coconut Oasis Body Wash,22 fl oz,7.99,https://www.kroger.com/product/images/medium/front/0003700097475,Body wash
"Ralphs_6300 Irvine Blvd, Irvine, CA",Caress Shea Butter &amp; Brown Sugar Exfoliating Body Wash,18 fl oz,3.99,https://www.kroger.com/product/images/medium/front/0001111101490,Body wash
"Ralphs_6300 Irvine Blvd, Irvine, CA",Caress Daily Silk White Peach &amp; Orange Blossom Body Wash,25.4 fl oz,7.99,https://www.kroger.com/product/images/medium/front/0001111140756,Body wash
"Ralphs_6300 Irvine Blvd, Irvine, CA",(LMTD QTY) Dove Go Fresh Pear &amp; Aloe Vera Scent Body Wash,22 fl oz,5.99,https://www.kroger.com/product/images/medium/front/0001111163154,Body wash
"Ralphs_6300 Irvine Blvd, Irvine, CA",Dove Go Fresh Pomegranate and Lemon Verbena Scent Body Wash,22 fl oz,5.99,https://www.kroger.com/product/images/medium/front/0001111107470,Body wash
"Ralphs_6300 Irvine Blvd, Irvine, CA",Nivea Men Maximum Hydration 3-In-1 Body Wash,16.9 fl oz,5.99,https://www.kroger.com/product/images/medium/front/0007214001533,Body wash
"Ralphs_6300 Irvine Blvd, Irvine, CA",Softsoap Sweet Honeysuckle &amp; Orange Moisturizing Body Wash,20 fl oz,3.99,https://www.kroger.com/product/images/medium/front/0007418247352,Body wash
"Ralphs_6300 Irvine Blvd, Irvine, CA",Old Spice Fiji Body Wash,16 fl oz,5.99,https://www.kroger.com/product/images/medium/front/0003700026790,Body wash
"Ralphs_6300 Irvine Blvd, Irvine, CA",Dove Mango + Almond Butter Body Wash,22 fl oz,6.69,https://www.kroger.com/product/images/medium/front/0001111101640,Body wash
"Ralphs_6300 Irvine Blvd, Irvine, CA",Kroger® Sensitive Skin Body Wash,24 fl oz,5.99,https://www.kroger.com/product/images/medium/front/0004126034156,Body wash
"Ralphs_6300 Irvine Blvd, Irvine, CA",Dial Himalayan Salt Body Wash,16 fl oz,3.5,https://www.kroger.com/product/images/medium/front/0001700009273,Body wash
"Ralphs_6300 Irvine Blvd, Irvine, CA",Olay Ultra Moisture Shea Butter Body Wash,30 fl oz,11.99,https://www.kroger.com/product/images/medium/front/0003700097494,Body wash
"Ralphs_6300 Irvine Blvd, Irvine, CA",Suave Kids Watermelon Wonder 3in1 Shampoo + Conditioner + Body Wash,18 fl oz,3.49,https://www.kroger.com/product/images/medium/front/0007940045948,Body wash
"Ralphs_6300 Irvine Blvd, Irvine, CA",Old Spice Hydro Wash Pure Sport Plus Hydrating Body Wash,16 fl oz,6.99,https://www.kroger.com/product/images/medium/front/0003700097188,Body wash
"Ralphs_6300 Irvine Blvd, Irvine, CA",Axe Phoenix Crushed Mint &amp; Rosemary Scent Clean + Cool Body Wash,32 fl oz,6.99,https://www.kroger.com/product/images/medium/front/0001111100885,Body wash
"Ralphs_6300 Irvine Blvd, Irvine, CA",Old Spice Moisturize with Shea Butter Body Wash,16 fl oz,5.99,https://www.kroger.com/product/images/medium/front/0003700079342,Body wash
"Ralphs_6300 Irvine Blvd, Irvine, CA",Dove Sensitive Skin Instant Foaming Body Wash Pump,13.5 fl oz,6.99,https://www.kroger.com/product/images/medium/front/0001111169864,Body wash
"Ralphs_6300 Irvine Blvd, Irvine, CA",Tone Mango &amp; Cocoa Butter Moisturizing Body Wash,18 fl oz,6.99,https://www.kroger.com/product/images/medium/front/0001700002741,Body wash
"Ralphs_6300 Irvine Blvd, Irvine, CA",Aveeno Daily Moisture Body Wash,18 fl oz,7.49,https://www.kroger.com/product/images/medium/front/0038137001297,Body wash
"Ralphs_6300 Irvine Blvd, Irvine, CA",Dial For Men Ultimate Clean Complete Freshness Hair &amp; Body Wash,16 fl oz,3.5,https://www.kroger.com/product/images/medium/front/0001700004620,Body wash
"Ralphs_6300 Irvine Blvd, Irvine, CA",Dial Manuka Honey Enriching Body Wash,16 fl oz,3.5,https://www.kroger.com/product/images/medium/front/0001700016916,Body wash
"Ralphs_6300 Irvine Blvd, Irvine, CA",Old Spice Exfoliate with Charcoal Body Wash,16 fl oz,5.99,https://www.kroger.com/product/images/medium/front/0003700079340,Body wash
"Ralphs_6300 Irvine Blvd, Irvine, CA",Irish Spring 5 in One Body Wash &amp; Shampoo,18 fl oz,3.99,https://www.kroger.com/product/images/medium/front/0003500046680,Body wash
"Ralphs_6300 Irvine Blvd, Irvine, CA",Old Spice Red Zone Collection Swagger Body Wash,30 fl oz,8.99,https://www.kroger.com/product/images/medium/front/0003700073357,Body wash
"Ralphs_6300 Irvine Blvd, Irvine, CA",Axe Dark Temptation Dark Chocolate &amp; Coriander Scent Body Wash,16 fl oz,4.99,https://www.kroger.com/product/images/medium/front/0001111124092,Body wash
"Ralphs_6300 Irvine Blvd, Irvine, CA",Nivea Men Cool 3-in-1 Body Wash,16.9 fl oz,5.99,https://www.kroger.com/product/images/medium/front/0007214081063,Body wash
"Ralphs_6300 Irvine Blvd, Irvine, CA",(LMTD QTY) Simple Truth Organic™ Lavender Eucalyptus Body Wash,16 fl oz,6.99,https://www.kroger.com/product/images/medium/front/0004126037624,Body wash
"Ralphs_6300 Irvine Blvd, Irvine, CA",Olay Ultra Moisture Coconut Oasis Body Wash,22 fl oz,7.99,https://www.kroger.com/product/images/medium/front/0003700097475,Body wash
"Ralphs_6300 Irvine Blvd, Irvine, CA",Axe Excite Crisp Coconut &amp; Black Pepper Scent Clean + Energized Body Wash,16 fl oz,4.99,https://www.kroger.com/product/images/medium/front/0001111124091,Body wash
"Ralphs_6300 Irvine Blvd, Irvine, CA",Axe Ice Chillin' Body Wash,16 fl oz,4.99,https://www.kroger.com/product/images/medium/front/0001111101026,Body wash
"Ralphs_6300 Irvine Blvd, Irvine, CA",Herbal Essences Hello Hydration Hair &amp; Body Wash,11.7 fl oz,3.49,https://www.kroger.com/product/images/medium/front/0019067900475,Body wash
"Ralphs_6300 Irvine Blvd, Irvine, CA",Softsoap Luminous Oils Coconut &amp; Lavender Oil Moisturizing Body Wash,20 fl oz,3.99,https://www.kroger.com/product/images/medium/front/0007418247370,Body wash
"Ralphs_6300 Irvine Blvd, Irvine, CA",Herbal Essences Hello Hydration Hair &amp; Body Wash,11.7 fl oz,3.49,https://www.kroger.com/product/images/medium/front/0019067900475,Body wash
"Ralphs_6300 Irvine Blvd, Irvine, CA",Kroger® Nourish Cool Moisture Body Wash,24 fl oz,5.99,https://www.kroger.com/product/images/medium/front/0004126035617,Body wash
"Ralphs_6300 Irvine Blvd, Irvine, CA",Olay Ultra Moisture Coconut Oasis Body Wash,22 fl oz,7.99,https://www.kroger.com/product/images/medium/front/0003700097475,Body wash
"Ralphs_6300 Irvine Blvd, Irvine, CA",Softsoap Luminous Oils Coconut &amp; Lavender Oil Moisturizing Body Wash,20 fl oz,3.99,https://www.kroger.com/product/images/medium/front/0007418247370,Body wash
"Ralphs_6300 Irvine Blvd, Irvine, CA",(MAX 3) Every Man Jack Sandalwood Body Wash and Shower Gel,16.9 fl oz,5.99,https://www.kroger.com/product/images/medium/front/0087863900010,Body wash
"Ralphs_6300 Irvine Blvd, Irvine, CA",Softsoap Body Butter Shea &amp; Almond Oil Moisturizing Body Wash,15 fl oz,3.99,https://www.kroger.com/product/images/medium/front/0007418228172,Body wash
"Ralphs_6300 Irvine Blvd, Irvine, CA",Aveeno Fragrance Free Body Wash,18 fl oz,7.49,https://www.kroger.com/product/images/medium/front/0038137117030,Body wash
"Ralphs_6300 Irvine Blvd, Irvine, CA",Axe Hair Total Fresh 3-in-1 Shampoo + Conditioner + Body Wash,16 fl oz,6.49,https://www.kroger.com/product/images/medium/front/0007940046106,Body wash
"Ralphs_6300 Irvine Blvd, Irvine, CA",Peppa Peg 3 in 1 Bubble Gum Scented Body Wash Shampoo &amp; Conditioner,14 fl oz,4.99,https://www.kroger.com/product/images/medium/front/0088962802183,Body wash
"Ralphs_6300 Irvine Blvd, Irvine, CA",Dove Go Fresh Cucumber &amp; Green Tea Scent Body Wash,34 fl oz,9.99,https://www.kroger.com/product/images/medium/front/0001111139650,Body wash
"Ralphs_6300 Irvine Blvd, Irvine, CA",Old Spice Red Zone Collection Swagger Body Wash,30 fl oz,8.99,https://www.kroger.com/product/images/medium/front/0003700073357,Body wash
"Ralphs_6300 Irvine Blvd, Irvine, CA",(MAX 3) Every Man Jack Cedarwood Body Wash and Shower Gel,16.9 fl oz,5.99,https://www.kroger.com/product/images/medium/front/0087863900008,Body wash
"Ralphs_6300 Irvine Blvd, Irvine, CA",Caress Daily Silk White Peach &amp; Orange Blossom Body Wash,25.4 fl oz,7.99,https://www.kroger.com/product/images/medium/front/0001111140756,Body wash
"Ralphs_6300 Irvine Blvd, Irvine, CA",Dove Deep Moisture Nourishing Body Wash Twin Pack,2 ct / 22 fl oz,12.99,https://www.kroger.com/product/images/medium/front/0001111153672,Body wash
"Ralphs_6300 Irvine Blvd, Irvine, CA",Olay Ultra Moisture Shea Butter B3 Complex Body Wash,22 fl oz,7.99,https://www.kroger.com/product/images/medium/front/0003700097464,Body wash
"Ralphs_6300 Irvine Blvd, Irvine, CA",Dove Sensitive Skin Instant Foaming Body Wash Pump,13.5 fl oz,6.99,https://www.kroger.com/product/images/medium/front/0001111169864,Body wash
"Ralphs_6300 Irvine Blvd, Irvine, CA",Dove Cucumber &amp; Green Tea Instant Foaming Body Wash Pump,13.5 fl oz,6.99,https://www.kroger.com/product/images/medium/front/0001111163463,Body wash
"Ralphs_6300 Irvine Blvd, Irvine, CA",Dove Deep Moisture Instant Foaming Body Wash Pump,13.5 fl oz,6.99,https://www.kroger.com/product/images/medium/front/0001111163461,Body wash
"Ralphs_6300 Irvine Blvd, Irvine, CA",Olay Ultra Moisture Shea Butter Body Wash,30 fl oz,11.99,https://www.kroger.com/product/images/medium/front/0003700097494,Body wash
"Ralphs_6300 Irvine Blvd, Irvine, CA",Olay Hydrating Glow Deep Sea Kelp Body Wash,22 fl oz,7.99,https://www.kroger.com/product/images/medium/front/0003700074594,Body wash
"Ralphs_6300 Irvine Blvd, Irvine, CA",Tone Island Vibes Pineapple &amp; Plumeria Body Wash,18 fl oz,6.99,https://www.kroger.com/product/images/medium/front/0001700017073,Body wash
"Ralphs_6300 Irvine Blvd, Irvine, CA",Neutrogena Body Clear Acne Treatment Body Wash,8.5 fl oz,6.99,https://www.kroger.com/product/images/medium/front/0007050101750,Body wash
"Ralphs_6300 Irvine Blvd, Irvine, CA",Olay Daily Exfoliating Body Wash with Sea Salts,22 fl oz,7.99,https://www.kroger.com/product/images/medium/front/0003700097481,Body wash
"Ralphs_6300 Irvine Blvd, Irvine, CA",Old Spice Exfoliate with Charcoal Body Wash,16 fl oz,5.99,https://www.kroger.com/product/images/medium/front/0003700079340,Body wash
"Ralphs_6300 Irvine Blvd, Irvine, CA",Johnson's Clean &amp; Fresh Shampoo &amp; Body Wash,13.6 fl oz,5.49,https://www.kroger.com/product/images/medium/front/0038137118390,Body wash
"Ralphs_6300 Irvine Blvd, Irvine, CA",Herbal Essences Body Envy Hair + Body Wash,11.7 fl oz,3.49,https://www.kroger.com/product/images/medium/front/0019067900484,Body wash
"Ralphs_6300 Irvine Blvd, Irvine, CA",Dove Shower Foam Shea Butter with Warm Vanilla Body Wash,13.5 fl oz,6.99,https://www.kroger.com/product/images/medium/front/0001111163464,Body wash
"Ralphs_6300 Irvine Blvd, Irvine, CA",White Rain Kids Watermelon Wave 3 in 1 Shampoo Conditioner &amp; Body Wash,12 fl oz,1.69,https://www.kroger.com/product/images/medium/front/0080921940003,Body wash
"Ralphs_6300 Irvine Blvd, Irvine, CA",Herbal Essences Long Term Relationship Damage Repair Hair + Body Wash,29.2 fl oz,8.99,https://www.kroger.com/product/images/medium/front/0019067900503,Body wash
"Ralphs_6300 Irvine Blvd, Irvine, CA",Herbal Essences Moroccan My Shine Hair + Body Wash,11.7 fl oz,3.49,https://www.kroger.com/product/images/medium/front/0019067900505,Body wash
"Ralphs_6300 Irvine Blvd, Irvine, CA",Dial For Men Recharge 3-in-1 Revitalizing Body Wash,16 fl oz,3.5,https://www.kroger.com/product/images/medium/front/0001700015513,Body wash
"Ralphs_6300 Irvine Blvd, Irvine, CA",Suave Kids Silly Apple 3-in-1 Shampoo + Conditioner + Body Wash,18 fl oz,3.49,https://www.kroger.com/product/images/medium/front/0007940045953,Body wash
"Ralphs_6300 Irvine Blvd, Irvine, CA",Herbal Essences Herbs &amp; Mint Hair + Body Wash,11.7 fl oz,3.49,https://www.kroger.com/product/images/medium/front/0019067900509,Body wash
"Ralphs_6300 Irvine Blvd, Irvine, CA",(LMTD QTY) Repure Coconut &amp; Vitamin E Body Wash,19 fl oz,7.97,https://www.kroger.com/product/images/medium/front/0081033302791,Body wash
"Ralphs_6300 Irvine Blvd, Irvine, CA",Olay Daily Exfoliating Body Wash with Sea Salts,22 fl oz,7.99,https://www.kroger.com/product/images/medium/front/0003700097481,Body wash
"Ralphs_6300 Irvine Blvd, Irvine, CA",Olay Hydrating Clean Almond Milk Body Wash,22 fl oz,7.99,https://www.kroger.com/product/images/medium/front/0003700097478,Body wash
"Ralphs_6300 Irvine Blvd, Irvine, CA",(LMTD QTY) Jason Purifying Tea Tree Body Wash,30 fl oz,13.49,https://www.kroger.com/product/images/medium/front/0007852203027,Body wash
"Ralphs_6300 Irvine Blvd, Irvine, CA",The Honest Co. Lavender Shampoo + Body Wash,10 fl oz,9.99,https://www.kroger.com/product/images/medium/front/0081781002701,Body wash
"Ralphs_6300 Irvine Blvd, Irvine, CA",Olay Age Defying Vitamin E B3 Complex Body Wash,22 fl oz,7.99,https://www.kroger.com/product/images/medium/front/0003700097473,Body wash
"Ralphs_6300 Irvine Blvd, Irvine, CA",Suave Kids Purely Fun Sensitive 3 in 1 Shampoo Conditioner and Body Wash,12 fl oz,3.29,https://www.kroger.com/product/images/medium/front/0007940052360,Body wash
"Ralphs_6300 Irvine Blvd, Irvine, CA",Olay Fresh Outlast Refreshing Star Apple &amp; Hibiscus Body Wash,22 fl oz,7.99,https://www.kroger.com/product/images/medium/front/0003700074310,Body wash
"Ralphs_6300 Irvine Blvd, Irvine, CA",Axe Fresco Body Wash,16 fl oz,4.99,https://www.kroger.com/product/images/medium/front/0001111101027,Body wash
"Ralphs_6300 Irvine Blvd, Irvine, CA",Olay Fresh Outlast Purifying Birch Water &amp; Lavender Body Wash,22 fl oz,7.99,https://www.kroger.com/product/images/medium/front/0003700097491,Body wash
"Ralphs_6300 Irvine Blvd, Irvine, CA",Caress Tahitian Pomegranate &amp; Coconut Milk Exfoliating Body Wash,18 fl oz,3.99,https://www.kroger.com/product/images/medium/front/0004589310561,Body wash
"Ralphs_6300 Irvine Blvd, Irvine, CA",Trolls 3-in-1 Assorted Body Wash Shampoo and Conditioner,14 fl oz,4.99,https://www.kroger.com/product/images/medium/front/0088962802086,Body wash
"Ralphs_6300 Irvine Blvd, Irvine, CA",Herbal Essences Color Me Happy Color Care Hair &amp; Body Wash,29.2 fl oz,8.99,https://www.kroger.com/product/images/medium/front/0019067900495,Body wash
"Ralphs_6300 Irvine Blvd, Irvine, CA",Dial For Men Ultimate Clean Complete Freshness Hair &amp; Body Wash,16 fl oz,3.5,https://www.kroger.com/product/images/medium/front/0001700004620,Body wash
"Ralphs_6300 Irvine Blvd, Irvine, CA",Olay Fresh Outlast Acai Berry &amp; Tiare Flower Body Wash,22 fl oz,6.49,https://www.kroger.com/product/images/medium/front/0003700099923,Body wash
"Ralphs_6300 Irvine Blvd, Irvine, CA",(LMTD QTY) Everyone Lavender + Aloe 3 in 1 Shampoo Body Wash &amp; Bubble Bath,32 fl oz,9.99,https://www.kroger.com/product/images/medium/front/0063687412151,Body wash
"Ralphs_6300 Irvine Blvd, Irvine, CA",Babyganics Chamomile Verbena Shampoo + Body Wash,16 fl oz,9.99,https://www.kroger.com/product/images/medium/front/0081327701382,Body wash
"Ralphs_6300 Irvine Blvd, Irvine, CA",Old Spice Red Zone Collection Swagger Body Wash,30 fl oz,8.99,https://www.kroger.com/product/images/medium/front/0003700073357,Body wash
"Ralphs_6300 Irvine Blvd, Irvine, CA",Nivea Coconut &amp; Almond Milk Pampering Body Wash,20 fl oz,5.89,https://www.kroger.com/product/images/medium/front/0007214002618,Body wash
"Ralphs_6300 Irvine Blvd, Irvine, CA",(LMTD QTY) Jason Calming Lavender Body Wash,30 fl oz,13.49,https://www.kroger.com/product/images/medium/front/0007852202113,Body wash
"Ralphs_6300 Irvine Blvd, Irvine, CA",Aveeno Vanilla Scented Daily Moisturizing Yogurt Body Wash,18 fl oz,7.49,https://www.kroger.com/product/images/medium/front/0038137116933,Body wash
